11,Politics,https://english.onlinekhabar.com/bagmati-cm-expands-cabinet-to-induct-4-new-ministers.html,Bagmati CM expands cabinet to induct 4 new ministers,"Bagmati Chief Minister Dor Mani Paudel has expanded his cabinet to induct four more ministers including three cabinet ministers and one state ministers.

A source close to the chief minister reveals the following will be sworn-in at 4 pm today:

Three ministries were vacant since December 25, 2020, after a virtual split in the then Nepal Communist Party. A faction of the party had launched efforts to remove Paudel from the position with Ashta Laxmi Shakya as the new chief minister.

However, it had not been successful with the Supreme Court rejecting the unification between the CPN-UML and the CPN-Maoist Centre and reviving the two old parties, after which the anti-Paudel camp turned weak.",OnlineKhabar,2021-04-28
12,Politics,https://english.onlinekhabar.com/china-proposes-joint-mechanism-to-supply-medical-equipment-in-south-asia.html,China proposes joint mechanism to supply medical equipment in South Asia,"China has proposed establishing a joint mechanism with the involvement of various countries in South Asia including Nepal and China itself to ease the supply of medical equipment for the Covid-19 response.

As the numbers of active Covid-19 cases surged in the entire region, Chinese Foreign Minister Wang Yi virtually met his counterparts in Nepal, Bangladesh, Sri Lanka, Pakistan and Afghanistan to discuss their Covid-19 responses and possible international cooperation in the battle.

During the video conference attended by Nepal’s Foreign Affairs Minister Pradeep Kumar Gyawali on Tuesday afternoon, Wang said a joint mechanism should be established to ensure the timely supply of Covid-19 vaccines and other essential supplies in the participating countries.

Responding to the proposal, Bangladesh has suggested the storage facility could be built in Bangladesh.

The meeting yesterday has been considered significant as India, the most resourceful South Asian country, has been struggling hard to ensure the availability of medical essentials for its own citizens.

Meanwhile, China has announced to provide Nepal with medical equipment worth Rs 90 million.",OnlineKhabar,2021-04-28
13,Politics,https://english.onlinekhabar.com/lumbini-assembly-to-discuss-no-confidence-motion-against-cm-pokharel-from-may-2.html,Lumbini Assembly to discuss no-confidence motion against CM Pokharel from May 2,"Lumbini Governor (Province Chief) Dharma Nath Yadav has summoned the special session of the Provincial Assembly to begin from coming Sunday, May 2.

Opposition parties including the CPN-Maoist Centre and Nepali Congress had submitted an application to the governor demanding a special session. They have filed a no-confidence motion in a bid to oust CPN-UML’s Shankar Pokhrel-led provincial government and want to discuss the motion as soon as possible.

The opposition parties want to form the new government under the Maoist Centre’s Kul Prasad KC, who was CM Pokharel’s internal affairs minister until the no-confidence motion was filed.

Following the Supreme Court verdict rejecting the 2018 unification between the then CPN-UML and the CPN-Maoist Centre, the two parties have been revived in this province also. After that, CM Pokhrel’s UML has lost the support of the majority lawmakers although it is the biggest party with 41 members in the 85-member assembly.

Further, it is expected that the opposition camp will get support from the pro-Madhav Kumar Nepal faction of the UML itself as it happened in Karnali.

Proposing KC as the chief minister has been viewed as a deal between the Nepali Congress and the Maoist Centre at the central level, according to which the opposition parties have proposed replacing Gandaki Chief Minister Prithvi Subba Gurung by Congress leader Krishna Chandra Nepali Pokharel.

Meanwhile, the Gandaki Provincial Assembly is voting on the motion against Gurung on Wednesday afternoon.",OnlineKhabar,2021-04-28
14,Politics,https://english.onlinekhabar.com/un-calls-nepal-to-reverse-nhrc-appointments-that-are-inconsistent-with-international-standards.html,UN calls on Nepal to reverse NHRC appointments that are ‘inconsistent with international standards’,"A group of human rights experts in the United Nations has said the recent appointments of five commissioners in the National Human Rights Commission of Nepal are “inconsistent with international standards”.

Clément Nyaletsossi Voule (special rapporteur on the rights to freedom of peaceful assembly and of association), Tae-Ung Baik (chair), Henrikas Mickevičius, (vice-chair), Aua Balde, Bernard Duhaime and Luciano Hazan (Working Group on Enforced or Involuntary Disappearances), Mary Lawlor (Special Rapporteur on the Situation of Human Rights Defenders), Diego García-Sayán (special rapporteur on the independence of judges and lawyers), Nils Melzer (special rapporteur on torture and other cruel, inhuman or degrading treatment or punishment) in a joint statement say, “We call on the government to reverse the appointments to the constitutional bodies and facilitate a new process marked by openness, transparency, broad consultation and participation.”

“This appointment process has failed to implement the essential requirements of the Paris Principles, including the need for an open, transparent and participatory process with broad consultations,” say the experts.

Earlier in March, three international human rights organisations–Human Rights Watch, the International Commission of Jurists, and Amnesty International–had also urged the government to rescind the appointments.

At least two writ petitions challenging the appointments are pending at the Supreme Court.

In February, Prime Minister KP Sharma Oli-led government had appointed officials of various constitutional bodies including the Commission for the Investigation of Abuse of Authority and the National Human Rights Commission without a parliamentary hearing, which many people claim is unconstitutional.",OnlineKhabar,2021-04-27
15,Politics,https://english.onlinekhabar.com/energy-minister-rayamajhi-hospitalised-after-testing-coronavirus-positive.html,Energy Minister Rayamajhi hospitalised after testing coronavirus positive,"Minister for Energy, Water Resources and Irrigation Top Bahadur Rayamajhi has tested positive for the coronavirus. Following the infection, he has been hospitalised.

Although his health status is normal, the minister has been admitted to the Birendra Hospital in Chhauni so as to avoid likely deterioration, Rayamajhi’s secretariat informs.

Rayamjhi has become the first minister in the Oli cabinet to test positive for the virus in the second wave of the pandemic.

He had recently attended a political function in his home district of Arghakhanchi.",OnlineKhabar,2021-04-27
